opp_id,title,number,agency,description,close_date
359003,"Advancing Bioinformatics, Translational Bioinformatics and Computational Biology Research (R01 Clinical Trial Optional)",PAR-26-040,,"The National Library of Medicine (NLM) seeks applications for research projects that drive groundbreaking innovation and advanced development in the fields of bioinformatics, translational bioinformatics, and computational biology. The primary goal of this initiative is to support the creation and implementation of cutting-edge methods, tools, and approaches that can transform the landscape of biomedical data science. This NOFO aims to address the growing need to leverage transformative technologies — such as artificial intelligence (AI), machine learning, and large-scale computational platforms — to extract actionable knowledge from vast, diverse, and complex biological datasets. By enabling more effective interpretation and integration of multi-dimensional biological and biomedical data, this research will ultimately contribute to improving individual and population health outcomes.",03/05/2029
306171,Biomechanics and Mechanobiology,PD-19-7479,,"The Biomechanics and Mechanobiology (BMMB) program is part of the Mechanics of Materials cluster within the Division of Civil, Mechanical, and Manufacturing Innovation.


The BMMB program supports fundamental and transformative research that advances our understanding of engineering biomechanics and/or mechanobiology. The program emphasizes the study of biological mechanics across multiple domains, from sub-cellular to whole organism. Distinct from conventional engineering materials, the program encourages the consideration of diverse living tissues as smart materials that are self-designing.


BMMB projects must have a clear biological component, a clear mechanics component, and must improve our understanding of the mechanical behavior of a living system. Investigations of the mechanical behavior of biological molecules, cells, tissues, and living systems are welcome. An important concern is the influence of in vivo mechanical forces on cell and matrix biology in the histomorphogenesis, maintenance, regeneration, repair, and aging of tissues and organs. The program is also interested in efforts to translate recent biomechanical and mechanobiological discoveries into engineering science.


Multiscale mechanics approaches are encouraged but not required. Projects may include theoretical, computational, or experimental approaches, or a combination thereof. NSF does not support clinical trials; however, feasibility studies involving human volunteers or animal subjects may be supported if appropriate to the scientific objectives of the project.


Proposals should address the novelty and/or potentially transformative nature of the proposed work compared to previous work in the field. Also, it is essential to address why the proposed work is important in terms of engineering science, and to state the potential impact of success in the research on society and/or industry.


Innovative proposals outside of these specific areas of biomechanics and mechanobiology will be considered. However, prior to submission of particularly unique topics, it is strongly recommended that Principal Investigators (PIs) contact the program director to discuss how the proposed work fits within the scope of the program and avoid the possibility of the proposal being returned without review.


Related programs also fund certain aspects of biomechanics and mechanobiology research, and PIs are encouraged to examine these to find the appropriate program for submission. Proposals with a heavy emphasis on tissue engineering or developing validated models of tissue and organ systems should consider the Engineering of Biomedical Systems (EBMS) program.Projects addressing biological questions about the physiological mechanisms and structural features of organisms should consult the Physiological Mechanisms &amp; Biomechanics (PMB) program.Projects elucidating aspects of neural control may consider the Perception, Action, &amp; Cognition (PAC) program or the Mind, Machine, and Motor Nexus (M3X) program if the project contains work relevant to human-machine interaction. Projects in rehabilitation engineering should consider the Disability and Rehabilitation Engineering (DARE) program. Projects focused on fundamental research related to design, characterization, and modification of biomaterials should consider the Biomaterials (BMAT) program. Manufacturing systems proposals should consider the Advanced Manufacturing (AM) program. Work on the interplay between structure, dynamics, and function of biomolecules without advancing our understanding of the mechanics of a living system should consider the Molecular Biophysics program. Researchers who believe their work may span multiple programs are particularly encouraged to contact the cognizant program directors well in advance of submission.


The duration of unsolicited proposal awards is generally up to three years; proposals for a shorter duration are welcome. Single-investigator award budgets typically include support for one graduate student (or equivalent trainee) and up to one month of PI time per year (awards for multiple investigator projects are typically larger). Proposal budgets or durations that are much larger than typical should be discussed with the program director prior to submission. Proposers can view budget amounts and other information from recent awards made by this program via the &ldquo;What Has Been Funded (Recent Awards Made Through This Program, with Abstracts)&rdquo; link towards the bottom of this page.",
352338,Division of Molecular and Cellular Biosciences Core Programs,24-539,,"MCB supports research that promises to uncover the fundamental properties of living systems across atomic, molecular, subcellular, and cellular scales. The program gives high priority to projects that advance mechanistic understanding of the structure, function, and evolution of molecular, subcellular, and cellular systems, especially research that aims at quantitative and predictive knowledge of complex behavior and emergent properties. MCB encourages research exploring new concepts in molecular and cellular biology, while incorporating insights and approaches from other scientific disciplines, such as chemistry, computer science, engineering, mathematics, and physics, to illuminate principles that govern life at the molecular and cellular level. MCB also encourages research that exploits experimental and theoretical approaches and utilizes a diverse spectrum of model and non-model animals, plants, and microbes across the tree of life. Proposals that pursue potentially transformative ideas are welcome, even if these entail higher risk.


This solicitation calls for proposals in research areas supported by the four MCB core clusters, including: (i) structure, dynamics, and function of biomolecules and supramolecular assemblies, especially under physiological conditions (<a href=""https://new.nsf.gov/funding/opportunities/molecular-biophysics"" target=""_blank"">Molecular Biophysics</a>); (ii) organization, processing, expression, regulation, and evolution of genetic and epigenetic information (<a href=""https://new.nsf.gov/funding/opportunities/genetic-mechanisms"" target=""_blank"">Genetic Mechanisms</a>); (iii) cellular structure, properties, and function across broad spatiotemporal scales (<a href=""https://new.nsf.gov/funding/opportunities/cellular-dynamics-function"" target=""_blank"">Cellular Dynamics and Function</a>); and (iv) systems and/or synthetic biology to study complex interactions through modeling or manipulation or design of living systems at the molecular-to-cellular scale (<a href=""https://new.nsf.gov/funding/opportunities/systems-synthetic-biology"" target=""_blank"">Systems and Synthetic Biology</a>). All MCB clusters prioritize projects that integrate across scales, investigate molecular and cellular evolution, synergize experimental research with computational or mathematical modeling, and/or develop innovative, broadly applicable methods and technologies. Projects that bridge the intellectual edges between MCB clusters are welcome. Projects that integrate molecular and cellular biosciences with other subdisciplines of biology are also welcome through the new Integrative Research in Biology (IntBIO) track.


Regarding health-related challenges, NSF supports basic research in all areas of the biological sciences and recognizes that this foundational research is likely to impact many different areas, including human health. MCB celebrates all the biological science discoveries funded through MCB awards that have had major impacts on health, environment, energy, food production, and other applications. Nevertheless, research focused exclusively on understanding human diseases and their treatment is normally outside of the scope offunding and will be returned without review unless that research significantly advances other fields such as engineering, computer science, or the mathematical and physical sciences.",
359173,Single Source: Outcomes of Electronic Medical Records and Genomics (eMERGE) Genomic Risk Assessment and Management Network - Coordinating Center (U01 Clinical Trial Required),RFA-HG-26-008,,"This is a Notice of Funding Opportunity (NOFO) for a Single Source that invites a recipient organization funded under the Electronic Medical Records and Genomics (eMERGE): Genomic Risk Assessment and Management Network Coordinating Center (RFA-HG-19-015) to participate in the Outcomes of Electronic Medical Records and Genomics (eMERGE) Genomic Risk Assessment and Management Network. Please see Section III. Eligibility for additional information. In accordance with NIH standard peer-review processes, the application will be peer-reviewed, and only meritorious applications will be considered.The NHGRI is announcing its intent to issue a single source cooperative agreement award to Vanderbilt University Medical Center to continue coordination of the eMERGE Risk Assessment Network. The eMERGE Network will extend through April 2030 follow-up and collection of outcome data on the roughly 25,000 patients receiving genomically informed risk assessment (GIRA) and management recommendations.",03/06/2026
357194,Investigator Initiated Innovation in Computational Genomics and Data Science (R01 Clinical Trial Not Allowed),PAR-25-228,,"The purpose of this funding opportunity announcement (FOA) is to invite applications for a broad range of research efforts in computational genomics, data science, statistics, and bioinformatics relevant to one or both of basic or clinical genomic science, and broadly applicable to human health and disease. This FOA supports fundamental genomics research developing innovative analytical methodologies and approaches, early-stage development of tools and software, and refinement or hardening of software and tools of high value to the biomedical genomics community. Work supported under this FOA should be enabling for genomics and be generalizable or broadly applicable across diseases and biological systems. All applications should address how the methods would scale to address increasingly larger data sets.",09/07/2027
357195,Investigator Initiated Innovation in Computational Genomics and Data Science (R21 Clinical Trial Not Allowed),PAR-25-229,,"The purpose of this funding opportunity announcement (FOA) is to invite applications for a broad range of research efforts in computational genomics, data science, statistics, and bioinformatics relevant to one or both of basic or clinical genomic science, and broadly applicable to human health and disease. This FOA supports fundamental genomics research developing innovative analytical methodologies and approaches, early-stage development of tools and software, and refinement or hardening of software and tools of high value to the biomedical genomics community. Work supported under this FOA should be enabling for genomics and be generalizable or broadly applicable across diseases and biological systems. All applications should address how the methods would scale to address increasingly larger data sets.",09/07/2027
356018,NIDA Animal Genomics Program (U01  Clinical Trial Not Allowed),PAR-24-269,,"The purpose of the NIDA Animal Genetics Program is to identify genetic, genomic, and molecular (epi)genetic variants that underlie: 1. Phenotypes associated with addictive behaviors and/or vulnerability to distinct stages along the substance use disorders (SUD) trajectory (e.g. initial/acute use, escalation of use, acquisition of tolerance, dependence, uncontrolled use, abstinence and relapse or recovery); 2. Behaviors associated with SUD (e.g. impulsivity, novelty seeking, delayed discounting, and other genetically-associated phenotypes); and 3. Comorbidities that demonstrate genetic correlations with phenotypes and behaviors linked with SUD (e.g. anxiety, stress, poor maternal care, social defeat, and other paradigms). Applications may examine any type of genomic variant, including single nucleotide variants (SNVs), indels, large and small structural variants, and all types of mobile DNA. NIDA encourages applications that take genomics, multi-omics, and/or data-based approaches that integrate multi-level omics data, delineate gene networks, and/or uncover the function of known or newly discovered genetic or epigenetic variants. Other areas of interest include genomics analysis at the circuit level and the application of neuroscience to genomics studies. NIDA expects these studies to uncover novel mechanisms that contribute to various stages across the SUD trajectory and inform future studies about potential targets and therapeutic strategies for addiction.",02/11/2027
357744,Supporting Talented Early Career Researchers in Genomics (R01 Clinical Trial Optional),RFA-HG-25-009,,"This Funding Opportunity Announcement is intended to identify and support research projects by exceptionally promising Early Stage Investigators with a long-term career interest in pursuing innovative research in genomics. This opportunity is open to research in all areas relevant to the mission of NHGRI, including genomic sciences, genomic medicine, genomic data science, and ethical, legal, and social implications of genomics.",02/26/2027
358176,"Ethical, Legal and Social Implications (ELSI) Exploratory/Developmental Research Grant (R21 Clinical Trial Optional)",PAR-25-369,,"<p>The purpose of this NOFO is to invite Exploratory/Developmental Research Grant (R21) applications that propose to study the ethical, legal, and social implications (ELSI) of human genetics and genomics. Applications may propose studies using either single or mixed methods. Approaches may include but are not limited to empirical qualitative and quantitative methods, as well as conceptual, legal, and normative analyses. Direct involvement of key stakeholders where appropriate is encouraged. Of particular interest are studies that explore the implications of new or emerging genomic technologies or novel uses of genomic information.&nbsp;</p>",11/18/2026
352500,Plant Genome Research Program,24-547,,"<div id=""_com_1"">

The Plant Genome Research Program (PGRP) supports genome-scale research that addresses challenging questions of biological, societal and economic importance. PGRP encourages the development of innovative tools, technologies, and resources that empower a broad plant research community to answer scientific questions on a genome-wide scale. Emphasis is placed on the scale and depth of the question being addressed and the creativity of the approach. Data produced by plant genomics should be usable, accessible, integrated across scales, and of high impact across biology. Training, broadening participation, and career development are essential to scientific progress and should be integrated in all PGRP-funded projects.


Two funding tracks are currently available:

<ol>
<li>RESEARCH-PGR TRACK: Genome-scale plant research to address fundamental questions in biology, including processes of economic and/or societal importance.</li>
<li>TRTech-PGR TRACK: Tools, resources, and technology breakthroughs that further enable functional plant genomics.</li>
</ol></div>",
355044,Animal and Veterinary Innovation Centers (U18),PAR-24-251,,"<p>The purpose of this Funding Opportunity Announcement (FOA) is to solicit applications for inclusion as Animal and Veterinary Innovation Centers, which are intended to form long-term partnerships to address priority areas for FDA's Center for Veterinary Medicine (CVM). This includes CVM developing cooperative agreement(s) with academic research institutions (public and private) to:&nbsp;</p>
<p><br></p>
<p>1. Drive research that supports the development of interventions to prevent, control, or eliminate Highly Pathogenic Avian Influenza (HPAI) virus in animals, or interventions that reduce the circulation of the virus in the ecosystem.&nbsp;Work may also include other emerging zoonotic disease threats or One Health issues in future years.&nbsp;</p>
<p><br></p>
<p>2. Drive research that supports the development of intentional genomic alternations in animals and the advancement of regulatory science in this field, with a focus on intentional genomic alternations that support agricultural resilience, food security, animal health, or public health.&nbsp;</p>
<p><br></p>
<p><span style=""color: black;"">3. Drive research that supports the development of products for minor species, minor uses in major species (dogs, cats, horses, cattle, pigs, chickens, and turkeys) and other unmet veterinary medical needs in major species that create a significant animal or public health burden.</span></p>",05/12/2028
359942,"NHLBI TOPMed: Omics Phenotypes of Heart, Lung, and Blood Disorders (X01 - Clinical Trial Not Allowed)",PAR-25-447,,"This Notice of Funding Opportunity (NOFO) invites applications to use NHLBI-funded TransOmics for Precision Medicine (TOPMed) program to generate a large volume of integrated genetic and multi-omics data to facilitate discovery of the molecular mechanisms of Heart, Lung, Blood, and Sleep (HLBS) disorders.  No funding will be provided under this NOFO. The genomic data and related phenotypic data will be deposited in a public NIH-designated controlled-access database such as the database for Genotypes and Phenotypes (dbGaP) and NHLBIs BioData Catalyst (BDC). The overall goal is to move from simply cataloguing genetic associations to understanding how genetic factors contribute to HLBS diseases at the molecular and cellular levels. This transformation will help move TOPMed from genetic Map to Mechanism with potential applications of AI and ML tool sets where possible, enabling functional genomics research that will accelerate mechanistic personalized medicine",05/08/2028
356909,Screening and Functional Validation of Genomic Variants Associated with Human Congenital Anomalies (R01 Clinical Trial Not Allowed),PAR-25-185,,"Rapid advances in genotyping and next generation sequencing technologies have led to the identification of genetic variants that are associated with a wide variety of congenital defects including human congenital anomalies (HCAs), intellectual developmental disabilities (IDDs) and inborn errors of metabolism (IEMs). Large quantities of genomic data collected from pediatric congenital anomalies cohorts are available to the research community through several databases such as the Database of Genotypes and Phenotypes (dbGaP), the Gabriella Miller Kids First Data Resource Portal, the European Genome-Phenome Archive and Clinical Genome Resource (ClinGen). The purpose of this initiative is to promote the screening, functional validation and characterization of congenital anomaly-associated genetic variants identified through public facing databases and individual efforts using in-silico tools, appropriate animal models, in vitro systems or multi-pronged approaches. This initiative addresses a challenging gap between identifying sequence variations of potential interest and recognizing which of those variations have functional effects on the phenotype of interest.",01/07/2028
357210,NIDCR Small Research Grants for Analyses of Existing Genomics Data (R03 Clinical Trial Not Allowed),PAR-25-166,,"The purpose of this NOFO is to announce support for meritorious research projects that address research questions relevant to human dental, oral, or craniofacial (DOC) biology, and diseases and conditions, through analysis of existing and publicly available genomic data, with or without other types of complementary data, using statistical and computational approaches. Data analysis for each project can be performed using existing and/or novel methods to be developed in the proposed project(s), including methods for data and metadata mining, data integration, and Artificial Intelligence (AI)/Machine Learning (ML)/Deep Learning (DL) methods. In addition to analysis of existing data, experimental or in silico work is required to validate the results of the proposed analysis , or to validate a newly developed analytic method. Projects aimed at understanding oral health disparities to inform strategies for improving health for all individuals are a priority. Projects focused on investigating and/or characterizing human biological pathways to inform identification of intervention targets or defining the pathogenicity of known genetic variants are encouraged.",05/07/2026
357212,NIDCR Research Grants for Analyses of Existing Genomics Data (R01) (Clinical Trial Not Allowed),PAR-25-164,,"The purpose of this NOFO is to announce support for meritorious research projects that address research questions relevant to human dental, oral, or craniofacial (DOC) biology, and diseases and conditions, through analysis of existing and publicly available genomic data, with or without other types of complementary data, using statistical and computational approaches. Data analysis for each project can be performed using existing and/or novel methods to be developed in the proposed  project(s), including methods for data and metadata mining, data integration, and Artificial Intelligence (AI)/Machine Learning (ML)/Deep Learning (DL) methods. In addition to analysis of existing data, experimental or in silico work is required to validate the results of the proposed analysis, or to validate a newly developed analytic method. Projects aimed at understanding oral health disparities to inform strategies for improving health for all individuals are a priority. Projects focused on investigating and/or characterizing human biological pathways to inform identification of intervention targets or defining the pathogenicity of known genetic variants are encouraged.",05/07/2026
358179,"Ethical, Legal and Social Implications (ELSI) Small Research Grant (R03 Clinical Trial Optional)",PAR-25-370,,"<p>The purpose of this Notice of Funding Opportunity (NOFO) is to invite Small Research Grant (R21) applications that propose to study the ethical, legal, and social implications (ELSI) of human genetics and genomics. Applications may propose studies using either single or mixed methods. Direct involvement of key stakeholders where appropriate is encouraged. These applications should be for small research projects, such as those that involve single investigators. Of particular interest are projects that propose normative or conceptual analyses, including focused legal, economic, philosophical, anthropological, or historical analyses of new or emerging issues. This mechanism can also be used for the collection of preliminary data and the secondary analysis of existing data.</p>",11/16/2026
351318,Omics Phenotypes Related to Down Syndrome for the INCLUDE Project (X01 Clinical Trial Not Allowed),PAR-24-081,,"<p>This Notice of Funding Opportunity (NOFO) invites applications to usethe NIH INCLUDE Project (INvestigation of Co-occurring conditions across the Lifespan to Understand Down syndromE) to access resources to generate a large volume of integrated genomic and multi-omics data to facilitate discovery of the molecular mechanisms of health conditions related to Down syndrome. These data, and associated clinical and phenotypic data, will become part of the INCLUDE Project data resource for sharing with the research community. No funding will be provided directly to applicants under this NOFO. Applicants are encouraged to propose omics essays of existing biospecimens collected from individuals with Down syndrome and controls. The program will accept applications that propose whole genome sequencing, including both short-read and long-read, exome, epigenome, and transcriptome sequencing, as well as proteomic, metabolomic, and single-cell RNA sequencing and ATAC sequencing, when justified. The omics data and related phenotypic data will be deposited in a public INCLUDE Project controlled-access database.</p>",03/13/2026
358181,"Ethical, Legal and Social Implications (ELSI) Research (R01 Clinical Trial Optional)",PAR-25-371,,"<p>The purpose of this NOFO is to invite Research Project (R01) applications that propose to study the ethical, legal, and social implications (ELSI) of human genetics and genomics. Applications may propose studies using either single or mixed methods. Approaches may include but are not limited to empirical qualitative and quantitative methods, as well as conceptual, legal, and normative analyses. Direct involvement of key stakeholders where appropriate is encouraged. This Notice of Funding Opportunity (NOFO) requires a Plan for Enhancing Diverse Perspectives (PEDP) as part of the application. Applications without a PEDP will not be reviewed.</p>",11/18/2026
357377,New Approaches for Measuring Brain Changes Across Longer Timespans (R21 Clinical Trial Optional),PAR-25-272,,"The purpose of this funding opportunity is to encourage multidisciplinary investigators to submit applications developing exploratory, highly novel new approaches, or innovative applications of existing approaches to measure brain activity, connectivity, genomics, or other aspects across the age spectrum of neurodevelopment. The overarching goal is to extend our understanding of brain development and aging, including studies of the neurodevelopmental origins of later health and disease, by improving repeated measures across longer epochs of the lifespan to better predict outcomes at later ages. . Research can include healthy human participants of any age, specific clinical groups such those with cognitive, motor, or affective regulation challenges, and/or animal research on these domains of function. The studies can focus on longitudinal neuroanatomical or functional changes at any level, including genetics/genomics, single cells, connectomics, neural population activity patterns, and others. This funding opportunity is intended to encourage technological and conceptual innovation through this high risk, high reward funding mechanism to develop highly innovative ideas that either lack preliminary data or need additional preliminary data",05/07/2027
357378,New Approaches for Measuring Brain Changes Across Longer Timespans (R01 Clinical Trial Optional),PAR-25-279,,"The purpose of this funding opportunity is to encourage multidisciplinary investigators to develop new approaches or apply existing approaches in novel ways to measure brain activity, connectivity, genomics, or other aspects across the age spectrum of neurodevelopment. The overarching goal is to extend our understanding of brain development and aging, including studies of the neurodevelopmental origins of later health and disease. Research can include healthy human participants of any age, specific clinical groups such as those with cognitive, motor, or affective regulation challenges, and/or animal research on these domains of function. The studies can focus on longitudinal neuroanatomical or functional changes at any level, including genetics/genomics, single cells, connectomics, neural population activity patterns, and others. This funding opportunity is intended to encourage technological and conceptual innovation to improve repeated measures across longer epochs of the lifespan, to better predict outcomes at later ages.",05/07/2027
357204,Secondary Analysis and Integration of Existing Data to Elucidate Cancer Risk and Related Outcomes (R01 Clinical Trial Not Allowed),PAR-25-095,,"Through this Notice of Funding Opportunity (NOFO), the National Cancer Institute (NCI) along with other participating Institutes encourages submission of applications proposing to conduct secondary data analysis and integration of existing datasets and database resources, with the ultimate aim to elucidate cancer risk and related outcomes (e.g., risk prediction or reduction, survival, or response to treatment, etc.). The goal of this initiative is to address key scientific questions relevant to cancer by supporting the analysis of existing clinical, environmental, surveillance, health services, vital statistics, behavioral, lifestyle, genomic, and molecular profiles data. Applicants are encouraged to leverage and perform innovative analyses of the existing data. Applications may include new research aims that are being addressed with existing data, new or advanced methods of analyses, or novel combinations and integration of datasets that allow the exploration of important scientific questions in cancer research.",09/07/2026
327047,Plant Biotic Interactions,20-576,,"The Plant Biotic Interactions (PBI) program supports research on the processes that mediate beneficial and antagonistic interactions between plants and their viral, bacterial, oomycete, fungal, plant, and invertebrate symbionts, pathogens and pests. This joint NSF/NIFA program supports projects focused on current and emerging model and non-model systems, and agriculturally relevant plants. The program&rsquo;s scope extends from fundamental mechanisms to translational efforts, with the latter seeking to put into agricultural practice insights gained from basic research on the mechanisms that govern plant biotic interactions. Projects must be strongly justified in terms of fundamental biological processes and/or relevance to agriculture and may be purely fundamental or applied or include aspects of both perspectives. All types of symbiosis are appropriate, including commensalism, mutualism, parasitism, and host-pathogen interactions. Research may focus on the biology of the plant host, its pathogens, pests or symbionts, interactions among these, or on the function of plant-associated microbiomes. The program welcomes proposals on the dynamics of initiation, transmission, maintenance and outcome of these complex associations, includingstudies of metabolic interactions, immune recognition and signaling, host-symbiont regulation, reciprocal responses among interacting species and mechanisms associated with self/non-self recognition such as those in pollen-pistil interactions. Explanatory frameworks shouldinclude molecular, genomic, metabolic, cellular, network and organismal processes, with projects guided by hypothesis and/or discovery driven experimental approaches. Strictly ecological projects that do not address underlying mechanisms are not appropriate for this program. Quantitative modeling in concert with experimental work is encouraged. Overall, the program seeks to support research that will deepen our understanding of the fundamental processes that mediate interactions between plants and the organisms with which they intimately associate and advance the application of that knowledge to benefit agriculture.",
357205,Secondary Analysis and Integration of Existing Data to Elucidate Cancer Risk and Related Outcomes (R21 Clinical Trials Not Allowed),PAR-25-096,,"Through this Notice of Funding Opportunity (NOFO), the National Cancer Institute (NCI) along with other participating Institutes encourages submission of applications proposing to conduct secondary data analysis and integration of existing datasets and database resources, with the ultimate aim to elucidate cancer risk and related outcomes (e.g., risk prediction or reduction, survival, or response to treatment, etc.). The goal of this initiative is to address key scientific questions relevant to cancer by supporting the analysis of existing clinical, environmental, surveillance, health services, vital statistics, behavioral, lifestyle, genomic, and molecular profiles data. Applicants are encouraged to leverage and perform innovative analyses of the existing data. Applications may include new research aims that are being addressed with existing data, new or advanced methods of analyses, or novel combinations and integration of datasets that allow the exploration of important scientific questions in cancer research.",09/07/2026
355317,"Limited Competition: Building Partnerships and Broadening Perspectives to Advance Ethical, Legal, and Social Implications (ELSI) Research (BBAER) Program (UM1), Clinical Trial Optional",RFA-HG-24-026,,"The National Human Genome Research Institute (NHGRI) seeks to broaden the types of knowledge, skills, expertise, experience, and perspectives brought to bear in research addressing the ethical, legal and social implications (ELSI) of advances in human genetics or genomics. This Notice of Funding Opportunity (NOFO) solicits UM1 applications from domestic organizations located in the United States and its territories that received less than $30 million per year in total NIH funding for the past three fiscal years. These organizations are underrepresented among those receiving NHGRI funding for ELSI research. 
The Building Partnerships and Broadening Perspectives to Advance Ethical, Legal, and Social Implications (ELSI) Research (BPAER) Program will support: 1) transdisciplinary ELSI research addressing timely, complex, and understudied topics, 2) the establishment of research teams that include representatives from relevant communities who are affected by and have an interest in the proposed research, 3) research capacity building to develop, conduct and sustain ELSI research, and 4) workforce development opportunities for early career scholars, research team members, and other research project staff.  
Transdisciplinary ELSI research projects require involvement from two or more fields of knowledge and use of multiple research approaches. Relevant communities must be actively and meaningfully involved on ELSI research teams across all phases of proposed research projects. Research capacity building plans must be informed by a needs assessment. Given the complex structure, a strategic management plan, evaluation plan, and sustainability plan are required to ensure successful completion of the program.",08/02/2026
349976,Population Assessment of Tobacco and Health (PATH) Study Biospecimen Access (X01),PAR-24-027,,"The Population Assessment of Tobacco and Health (PATH) Study provides the scientific community with biospecimens (urine, plasma, serum, and genomic DNA) and related research data on behaviors, attitudes, biomarkers and health outcomes associated with tobacco use in the U.S. This opportunity allows investigators to apply for access to the biospecimens from the PATH Study. Information about the PATH Study and this resource may be found on the PATH Study series page (https://doi.org/10.3886/Series606) at the University of Michigans National Addiction and HIV Data Archive Program (NAHDAP) website, part of the Inter-University Consortium for Political and Social Researchs (ICPSR) website.",10/30/2026
348409,Center for Inherited Disease Research (CIDR) High Throughput Sequencing and Genotyping Resource Access (X01 Clinical Trial Not Allowed),PAR-23-184,,"The Center for Inherited Disease Research (CIDR) high-throughput genotyping, sequencing and supporting statistical genetics services are designed to aid the identification of genes or genetic modifications that contribute to human health and disease or to enhance existing collections of well-phenotyped specimens in biorepositories by the addition of genotype or next-generation sequence data. The laboratory specializes in genomic services that cannot be efficiently carried out in individual investigator laboratories. CIDR provides the most up-to-date platforms, services and statistical genetic support. This is an NIH-wide initiative that is managed by NHGRI. Information about current services offered can be accessed via: http://www.cidr.jhmi.edu.",07/08/2026
352499,Division of Integrative Organismal Systems Core Programs,24-546,,"The Division of Integrative Organismal Systems (IOS) Core Programs Track supports research to understand why organisms are structured the way they are and function as they do. Proposals are welcomed in all of the core scientific program areas supported by the Division of Integrative Organismal Systems (IOS). Areas of inquiry include, but are not limited to, developmental biology and the evolution of developmental processes, development, structure, modification, function, and evolution of the nervous system, biomechanics and functional morphology, physiological processes, symbioses and microbial interactions, interactions of organisms with biotic and abiotic environments,plant and animal genomics, and animal behavior. Proposals should focus on organisms as a fundamental unit of biological organization. Principal Investigators are encouraged to apply systems approaches that will lead to conceptual and theoretical insights and predictions about emergent organismal properties.


The IntBIOTrack<span class=""TextRun SCXW149940352 BCX8"" lang=""EN-US"" xml:lang=""EN-US"" data-contrast=""auto""><span class=""NormalTextRun SCXW149940352 BCX8"">invites submission of collaborative proposals </span><span class=""NormalTextRun SCXW149940352 BCX8"">to</span><span class=""NormalTextRun SCXW149940352 BCX8"">tackle bold questions </span><span class=""NormalTextRun SCXW149940352 BCX8"">in biology</span><span class=""NormalTextRun SCXW149940352 BCX8""> that</span><span class=""NormalTextRun SCXW149940352 BCX8"">require</span><span class=""NormalTextRun SCXW149940352 BCX8""> an integrated approach to make substantive progress. </span><span class=""NormalTextRun SCXW149940352 BCX8"">Integrative biological research spans subdisciplines and incorporates cutting-edge methods, tools, and concepts from each to produce groundbreaking biological discovery</span></span><span class=""TextRun SCXW149940352 BCX8"" lang=""EN-US"" xml:lang=""EN-US"" data-contrast=""none""><span class=""NormalTextRun SCXW149940352 BCX8""> that is</span><span class=""NormalTextRun SCXW149940352 BCX8""> synergistic, such that the whole is greater than the sum of the parts.</span></span><span class=""TextRun SCXW149940352 BCX8"" lang=""EN-US"" xml:lang=""EN-US"" data-contrast=""auto""><span class=""NormalTextRun SCXW149940352 BCX8""> The research should produce a novel, holistic understanding of how biological systems function and interact across different scales of organization, e.g., from molecules to cells, tissues to organisms, species to ecosystems and the entire Earth.</span><span class=""NormalTextRun SCXW149940352 BCX8"">Where appropriate, projects should apply experimental strategies, modeling, integrative analysis, advanced computation, or other research approaches to stimulate new discovery and general theory in biology.</span></span><span class=""EOP SCXW149940352 BCX8"" data-ccp-props=""{""></span>",
359050,Research Interests of the Air Force Office of Scientific Research,FA955025S0001,,"<p><span style=""color: rgb(27, 27, 27);"">AFOSR plans, coordinates, and executes the Air Force Research Laboratory’s (AFRL) basic research program in response to technical guidance from AFRL and requirements of the Air Force. Additionally, the office fosters, supports, and conducts research within Air Force, university, and industry laboratories; and ensures transition of research results to support U.S. Air Force needs. The focus of AFOSR is on research areas that offer significant and comprehensive benefits to our national war fighting and peacekeeping capabilities. These areas are organized and managed in two scientific Departments: Engineering and Information Science (RTA), Physical and Biological Sciences (RTB), and our international offices (EAORD, SOARD, and AOARD). The research activities managed within each Department are summarized in this section.</span></p>",
358955,Measurement Science and Engineering (MSE) Research Grant Programs,2025-NIST-MSE-01,,"<p>To support activities that develop, expand, strengthen, or sustain NIST partnership programs and/or support the conduct of research or a recipient's portion of collaborative research in a variety of areas including, but not limited to: Metrology; <span style=""color: windowtext;"">S</span>tandards; <span style=""color: windowtext;"">N</span>anotechnology; <span style=""color: windowtext;"">A</span>rtificial <span style=""color: windowtext;"">I</span>ntelligence; <span style=""color: windowtext;"">A</span>dvanced <span style=""color: windowtext;"">C</span>ommunications; <span style=""color: windowtext;"">A</span>dvanced <span style=""color: windowtext;"">M</span>anufacturing; <span style=""color: windowtext;"">P</span>romotion of U.S. innovation and industrial competitiveness; <span style=""color: windowtext;"">M</span>easurements in <span style=""color: windowtext;"">S</span>ciences; <span style=""color: windowtext;"">N</span>eutron <span style=""color: windowtext;"">R</span>esearch; and enhancing coordination of the U.S. <span style=""color: windowtext;"">S</span>tandards <span style=""color: windowtext;"">S</span>ystem with government and private sector organizations.</p>",
360678,FY 2026 Continuation of Solicitation for the Office of Science Financial Assistance Program,DE-FOA-0003600,,"<p><span style=""color: windowtext;"">The Office of Science (SC) of the Department of Energy (DOE) hereby announces its continuing interest in receiving applications for support of work in the following program areas: Advanced Scientific Computing Research, Basic Energy Sciences, Biological and Environmental Research, Fusion Energy Sciences, High Energy Physics, Nuclear Physics, and Isotope R&amp;D and Production. On September 3, 1992, DOE published in the Federal Register the Office of Energy Research Financial Assistance Program (now called the Office of Science Financial Assistance Program), 10 CFR 605, as a Final Rule, which contained a solicitation for this program. Information about submission of applications, eligibility, limitations, evaluation and selection processes and other policies and procedures are specified in 10 CFR 605.</span></p>
<p><span style=""color: windowtext;"">&nbsp;</span></p>
<p><span style=""color: windowtext;"">This NOFO is our annual open solicitation that covers all research areas in SC and is open throughout the Fiscal Year. Any research within SC’s Congressionally authorized mission may be proposed under this NOFO.</span></p>
<p><span style=""color: windowtext;"">&nbsp;</span></p>
<p><span style=""color: windowtext;"">This NOFO will remain open until September 30, 2026, 11:59 PM Eastern Time, or until it is succeeded by another issuance, whichever occurs first. This NOFO succeeds DE-FOA-0003432, which was published September 30, 2024.</span></p>",09/30/2026
356612,Fundamental Research to Counter Weapons of Mass Destruction,HDTRA1-25-S-0001,,"<p>** Fundamental Research BAA Amendment 2 posted on January 15, 2026**</p>
<p><br></p>
<p><span style=""color: black;"">This Amendment adds Topics B1-B6. PRE-APPLICATION WHITE PAPERS FOR THIS TOPIC</span><strong style=""color: black;""> MUST BE SUBMITTED BY 11:59 PM (MIDNIGHT) EST ON 2 MARCH 2026.</strong><span style=""color: black;""> White papers may not be considered if they are received after this deadline.</span></p>
<p><br></p>
<p>Potential applicants are strongly encouraged to review the BAA in its entirety. **Please note that ALL general correspondence for this BAA must be sent to dtra.belvoir.rd.mbx.rd-cb-frbaa25-34-a@mail.mil</p>
<p>Thrust Area-specific correspondence must be sent to dtra.belvoir.rd.mbx.rd-cb-frbaa25-34-a@mail.mil</p>",09/30/2034
352741,NRL Long Range Broad Agency Announcement (BAA) for Basic and Applied Research,N00173-24-S-BA01,,"<p>Amendment 0005</p><p>The purpose of this amendment is to provide a searchable list of Summary Topics contained in Appendix 1.  Expanded descriptions of each topic can be found in the full announcement pdf.</p><p><br></p><p>APPENDIX 1 – RESEARCH DESCRIPTION - SUMMARY TOPICS</p><p><strong>&nbsp;</strong></p><p><strong>II. Detailed information about the funding opportunity</strong></p><p><strong>&nbsp;</strong></p><p>The Naval Research Laboratory (NRL) is the Navy's corporate laboratory. NRL conducts basic and applied research for the Navy in a variety of scientific and technical disciplines. The basic research program is driven by perceptions about future requirements of the Navy.</p><p><br></p><p>The Navy's operational effectiveness depends on its ability to keep pace with rapidly developing technologies. NRL contributes to this requirement by conducting research in the following areas, organized into NRL'S three research directorates and Naval Center for Space Technology:</p><p><br></p><p>Systems Directorate Code 5000</p><p>Materials Science and Component Technology Directorate Code 6000 Ocean and Atmospheric Science and Technology Directorate Code 7000 Naval Center for Space Technology Code 8000</p><p><br></p><p>A.&nbsp;&nbsp;&nbsp;SYSTEMS DIRECTORATE - CODE 5000</p><p><u>53-24-01</u> - HIGH FREQUENCY RADAR</p><p><u>53-24-01C</u> - HIGH FREQUENCY RADAR (CLASSIFIED)</p><p><u>53-24-02</u> - LOW-COST WIDEBAND ANTENNA ARRAY TECHNOLOGIES</p><p><u>53-24-03</u> - ADVANCED COMPUTATIONAL ELECTROMAGNETICS</p><p><u>55-24-01</u> - INFORMATION AND DECISION SCIENCES</p><p><u>55-24-02</u> - MATHEMATICAL FOUNDATIONS OF HIGH ASSURANCE COMPUTING</p><p><u>55-24-03</u> - HIGH ASSURANCE ENGINEERING AND COMPUTING</p><p><u>55-24-04</u> - ADVANCED NAVAL NETWORK SOLUTIONS</p><p><u>55-24-05</u> - FEDERATED, DISTRIBUTED COMPUTING/NETWORK INFRASTRUCTURE</p><p><u>56-24-01</u> - OPTICAL SCIENCES R&amp;D</p><p><u>57-24-01</u>&nbsp;- ELECTROMAGNETIC TECHNIQUES AND TECHNOLOGY RESEARCH AND DEVELOPMENT</p><p><u>57-24-02&nbsp;&nbsp;​</u>- SHIPBOARD ELECTRONIC WARFARE</p><p><strong>&nbsp;</strong></p><p><strong>B.&nbsp;MATERIALS SCIENCE AND COMPONENT TECHNOLOGY DIRECTORATE CODE 6000</strong></p><p><u>60-24-01</u> - HIGH PERFORMANCE COMPUTING ON MASSIVELY PARALLEL ARCHITECTURES</p><p><u>61-24-01</u> - ELECTROCHEMICAL ENERGY STORAGE, CONVERSION AND COMMAND/CONTROL</p><p><u>61-24-02 </u>- CORROSION PROCESSES, CONTROL, MITIGATION, AND TECHNOLOGY</p><p><u>61-24-03</u> - APPLICATIONS OF MOLECULAR BIOLOGY, BIOCHEMISTRY, ANALYTICAL CHEMISTRY AND ADVANCED LASER TECHNIQUES</p><p><u>61-24-04</u> - MULTIECHELON DIAGNOSTICS (MEDx) TECHNOLOGY DEVELOPMENT AND TIERED EVALUATION</p><p><u>63-24-01</u> - MATERIALS PERFORMANCE, PROCESSING, AND MODELING</p><p><u>67-24-01</u> - BASIC AND APPLIED RESEARCH IN PLASMA SCIENCE</p><p><u>68-24-01</u> - RADIATION EFFECTS RESEARCH</p><p><u>68-24-02</u> - PHOTOVOLTAICS FOR PORTABLE POWER</p><p><strong>&nbsp;</strong></p><p><strong>C.&nbsp;&nbsp;&nbsp;OCEAN AND ATMOSPHERIC SCIENCE AND TECHNOLOGY DIRECTORATE CODE 7000</strong></p><p><u>71-24-01</u> - ACOUSTIC SIMULATION AND TACTICS</p><p><u>72-24-01</u> - LOW FREQUENCY RADIO INTERFEROMETRY</p><p><u>72-24-02</u> - OPTICAL REMOTE SENSING OF THE COASTAL REGIME</p><p><u>72-24-03</u> - REMOTE SENSORS AND IMAGING SYSTEMS</p><p><u>72-24-04</u> - AIRBORNE, SHIPBOARD, AND OVERHEAD DATA ACQUISITION AND ANALYSIS</p><p><u>73-24-01</u> - OCEAN DYNAMICS AND PREDICTION OCEANOGRAPHY</p><p><u>73-24-02</u> - SEAFLOOR SCIENCES</p><p><u>73-24-03</u> - GEOSPATIAL SCIENCES AND TECHNOLOGY</p><p><u>75-24-01</u> - ATMOSPHERIC EFFECTS, ANALYSIS, AND PREDICTION</p><p><u>76-24-01</u> - RESEARCH INTO SPACE, BACKGROUNDS, IMAGING AND MODELING</p><p><strong>&nbsp;</strong></p><p><strong>D.&nbsp;&nbsp;&nbsp;NAVAL CENTER FOR SPACE TECHNOLOGY CODE 8000</strong></p><p><u>82-24-01</u> - SPACECRAFT &amp; SPACE SYSTEMS TECHNOLOGY</p><p><br></p><p>--------------------------------------------------------------</p><p>Amendment 0004</p><p><br></p><p>The purpose of this amendment is to extend the due date for acceptance of White Papers and revise Appendix 1 Summary Topics and email addresses in it’s entirety.</p><p>--------------------------------------------------------------</p><p>Amendment 0003</p><p><br></p><p>The purpose of this amendment is to extend the due date for acceptance of White Papers.&nbsp;All other terms and conditions remain unchanged.</p><p><br></p><p>-------------------------------------------------------------</p><p>Amendment 0002</p><p><br></p><p>The purpose of this amendment is to extend the due date for acceptance of White Papers.&nbsp;All other terms and conditions remain unchanged.</p><p><br></p><p>-------------------------------------------------------------</p><p>Amendment 0001</p><p><br></p><p>The purpose of this amendment is to extend the due date for acceptance of White Papers.&nbsp;All other terms and conditions remain unchanged.</p><p><br></p><p>--------------------------------------------------------------</p><p>The Naval Research Laboratory is interested in receiving innovative proposals that offer potential for advancement and improvement in the technical topic areas listed. This notice constitutes a Broad Agency Announcement (BAA) as contemplated in FAR 6.302(d) that provides for the competitive selection of research proposals. The Government reserves the right to select for award all, some, or none of the proposals received. Awards under this BAA are expected to take the form of Contracts, Grants, Cooperative Agreements and Other Transactions may also be awarded if appropriate. NRL encourages Educational Institutions, Small Businesses (SBs), Small Disadvantaged Business Concerns (SDBs) and Historically Black Colleges and Universities (HBCUs) and Minority Institutions (MIs) to submit proposals under this BAA.</p><p>In order to conserve valuable offeror and Government resources, prospective offerors shall first submit a White Paper (WP) to the email address identified in the individual Summary Topics contained in Appendix 1, to include a rough cost estimate. If there is interest in the proposed research the offeror will be invited to submit a Formal Proposal.&nbsp;The selection of proposals for award will be based on a scientific review of proposals submitted in response to each BAA Summary Topic. The major purpose of the evaluation will be to determine the relative merit of the technical approach of each proposal. Business and contractual aspects, including proposed&nbsp;cost and cost realism, will also be considered as part of the evaluation. Selection of proposals for award will be based on the potential benefits to the Government weighed against the cost of the proposals, in view of the availability of funds. The complete BAA including proposal preparation instructions, award considerations, and evaluation criteria is also available at https://www.nrl.navy.mil/Doing-Business/Contracts/Broad-Agency-Announcements/ .</p><p><br></p>",03/31/2026
359879,Pilot Projects Enhancing Utility and Usage of Common Fund Data Sets (R03 Clinical Trial Not Allowed),RFA-RM-26-017,,"Many valuable and widely available data sets have been generated by multiple Common Fund programs. The purpose of this NOFO is to announce the availability of funding to demonstrate and enhance the utility of selected Common Fund (https://commonfund.nih.gov/) data sets, including generating hypotheses and catalyzing discoveries. Award recipients are asked to provide feedback on the utility of the Common Fund data resources.",06/23/2026
359648,Resource-Related Research Projects for Development of Models and Related Materials for Studying Human Health and Diseases (R24 Clinical Trials Not Allowed),RFA-OD-25-010,,"The Office of Research Infrastructure Programs (ORIP) encourages grant applications aimed at developing, characterizing, or improving research models of human health and diseases; developing biology based new approach methodologies (NAMs) applicable to human health and diseases; or improving access to information about or generated from the use of models of human disease. The models, including NAMs, and related biological materials developed must be broadly applicable to the scientific interests of two or more NIH Institutes or Centers (ICs) and must evaluate diseases and processes that impact multiple organ systems in order to align with the ORIP""s NIH-wide mission and programs. Applications must describe the need for and the potential impact of the proposed resources on the research community across a range of scientific disciplines supported by multiple NIH ICs. Applications to develop models that relate strictly to a specific disease or a select area of research or that do not have a broad impact on the NIH-wide research community will not be accepted. Projects that predominantly address the research interests of one NIH IC but are only peripherally related to the research interests of other ICs will also not be accepted, if submitted in response to this notice of funding opportunity (NOFO).",09/28/2028
360205,Agriculture and Food Research Initiative Competitive Grants Program Foundational and Applied Science Program,USDA-NIFA-AFRI-011134,,"<p><span style=""color: rgb(49, 37, 28);"">The AFRI Foundational and Applied Science Program supports grants in six AFRI priority areas to advance knowledge in both fundamental and applied sciences important to agriculture. The six priority areas are: Plant Health and Production and Plant Products; Animal Health and Production and Animal Products; Food Safety, Nutrition, and Health; Bioenergy, Natural Resources, and Environment; Agriculture Systems and Technology; and Agriculture Economics and Rural Communities. Research-only, extension-only, and integrated research, education and/or extension projects are solicited in this Request for Applications (RFA). See Foundational and Applied Science RFA for specific detail.</span></p>",12/31/2026
359015,Single Source for Continuation of the Accelerating Medicines Partnership (AMP) in Common Metabolic Diseases (CMD) Knowledge Portal (U01 Research Project (Cooperative Agreement) Clinical Trial not allowed),RFA-DK-26-313,,"This non-competitive Notice of Funding Opportunity (NOFO)  is intended to fund a single award to the current awardee institution of the Accelerating Medicines Partnership in Common Metabolic Diseases Knowledge Portal (AMP CMD KP), the Broad Institute, Inc. The AMP CMD program is a collaborative partnership between the NIH, pharmaceutical companies, and nonprofit organizations to develop new models for identifying and validating promising biological targets to serve as biomarkers and/or for drug discovery (www.nih.gov/research-training/accelerating-medicines-partnership-amp/type-2-diabetes). This is a one-time NOFO to provide funds to the AMP CMD KP to continue the development and maintenance of the web portal and underlying, curated knowledge base; which serves as the flagship resource encompassing the myriad types of data and information that provide an understanding of the biological heterogeneity in patients with CMDs and their related complications. In its next five-year period, the AMP CMD KP will be expected to continue its expansion of its datasets and traits, import additional data types, deploy additional analytical and visualization tools, and increase its utility to a more diverse user base, and to develop a framework for independent sustainability. The application will be peer-reviewed and if it is not a meritorious application, it will not be funded.",03/10/2026
359646,Animal and Biological Material Resource Centers (P40 Clinical Trial Not Allowed),RFA-OD-25-011,,"This Notice of Funding Opportunity (NOFO) encourages grant applications for Animal and Biological Material Resource Centers. These Centers provide support for special colonies of laboratory animals and associated services, as well as other resources such as informatics tools, reagents, cultures (cells, tissues, and organs) and genetic stocks that serve the biomedical research community in a variety of research areas on a local, regional, and national basis. The goal of projects supported by this NOFO is to provide research resources that facilitate optimization and enhancement of scientific rigor, transparency, and experimental reproducibility of biomedical research. Proposed Animal and Biological Material Resource Centers must have broad application to multiple NIH Institutes or Centers (ICs) to align with the ORIP""s NIH-wide mission (https://orip.nih.gov/about-orip). This funding opportunity is designed to support both continuation of existing resources and to develop new ones when appropriate. Of special interest of the announcement is a requirement of the Center""s close coordination with efforts to develop new approach methodologies (NAMs) that complement traditional animal-based research. These include cell culture, organoids, computational models, and microphysiological systems. Applied Research Component should include studies to generate comparative data to increase applicability of NAMs and promote integration of the most predictive human disease models. Prior to preparing an application, all applicants are strongly encouraged to consult with Scientific/Research staff to be advised on appropriateness of the intended resource plans for this program, competitiveness of a potential application, and ORIP's program priorities.",01/09/2029
359725,The Metastasis Research Network (MetNet): MetNet Research Projects (U01 Clinical Trial Not Allowed),PAR-26-134,,"The National Cancer Institute's (NCI) Metastasis Research Network (MetNet) is a collection of U54 Research Centers that support using systems-level approaches to understand pressing questions in metastasis. The overall goal of the MetNet is to advance our understanding of metastasis as a whole body, systems-level problem to develop a comprehensive and cohesive picture of the processes involved. Through this Notice of Funding Opportunity (NOFO), the NCI invites applications for MetNet Research Projects. These Research Projects should be defined as discrete entities that use systems-level approaches to address gaps and opportunities in metastasis research to integrate into the MetNet and complement ongoing research across the Network.",11/22/2028
359145,Diabetes Research Centers (P30 Clinical Trial Optional),RFA-DK-26-310,,"This Notice of Funding Opportunity (NOFO) invites applications for Diabetes Research Centers (DRCs) that are designed to support and enhance the national research effort in diabetes, its complications, and related endocrine and metabolic diseases. The purpose of this Centers program is to bring together basic and clinical investigators to enhance communication, multidisciplinary collaboration, and effectiveness of ongoing research in Diabetes Research Center topic areas. By providing shared access to specialized technical resources (research cores) and supporting a Pilot and Feasibility Program (P&F), DRCs are intended to create an environment that provides the capability for accomplishments greater than those that would be possible by individual research project grant support alone. New Center programs that bring in diverse perspectives, propose unique scientific themes, or provide innovative resources are encouraged. Emphasis will be placed on Center programs that propose enhanced synergies with other NIDDK-funded programs as well as providing a rich mentoring environment for future diabetes researchers.",01/27/2027
325932,UNITED STATES MILITARY ACADEMY Broad Agency Announcement,W911NF-20-S-0008,,"<p>The U.S. Military Academy at West Point's mission is ""to educate, train, and inspire the Corps of Cadets so that each graduate is a commissioned leader of character committed to the values of Duty, Honor, Country and prepared for a career of professional excellence and service to the Nation as an officer in the United States Army."" The United States Military Academy is located at West Point, New York.&nbsp;USMA executes research to enhance the education of cadets, develop the faculty professionally, and address important issues facing the Army and the Nation.&nbsp;In addition, the Academy conducts research and analysis in emerging fields that may realize novel or vastly improved Army capabilities.&nbsp;</p><p><br></p><p>At West Point, research is organized and administered through centers and institutes, most of which reside within academic departments. These centers and institutes, affiliated with each other through the Academy Research Council (ARC), coordinated and supported by the Academic Research Division (ARD), provide the infrastructure necessary to tackle the nation’s and the world’s most challenging problems. Our research centers and institutes bring context to the classroom, are central to our vibrant and pioneering faculty, and are one way West Point connects to the Army and to the Nation.&nbsp;Our students are driven, our faculty is world-class, and through our centers, scholars and scientists thrive and produce their best work. Cadets regularly win Best Paper Awards at national and international graduate-level conferences, our faculty hold fellowships and chairmanships in their discipline's national organizations and our products are deployed to the soldier. In addition to applied research, there are centers and institutes at West Point that focus on other aspects of the USMA mission.</p><p><br></p><p>The USMA BAA identifies topics of interest to the USMA departments, directorates, and research centers and institutes.&nbsp;These groups focus on executing in-house research programs, with a significant emphasis on collaborative research with other organizations.&nbsp;The groups fund a modest amount of extramural research in certain specific areas, and those areas are described in this BAA.</p><p><br></p><p>The USMA BAA seeks proposals from institutions of higher education, nonprofit organizations, state and local governments, foreign organizations, foreign public entities, and for-profit organizations (i.e., large and small businesses) for research based on the following campaigns: Socio-Cultural; Information Technology; Ballistics, Weapons, and Protections; Energy and Sustainability; Materials, Measurements, and Facilities; Unmanned Systems and Space; Human Support Systems; and Artificial Intelligence, Machine Learning, and Quantum Technologies.</p><p><br></p><p>Proposals are sought for cutting-edge innovative research that could produce discoveries with a significant impact to enable new and improved Army technologies and related operational capabilities and related technologies. The specific research areas and topics of interest described in this document should be viewed as suggestive, rather than limiting.</p><p><br></p>",03/31/2027
358910,Limited Competition Renewal for the Continuation of the Liver Cirrhosis Network: Clinical Research Centers (U01 Clinical Trial Required),RFA-DK-26-308,,"This is a Notice of Funding Opportunity (NOFO) for a Limited Competition that will invite applications from eligible organizations to apply. Please see Section III. Eligibility for additional information. In accordance with NIH standard peer-review processes, the applications will be peer-reviewed, and only meritorious applications will be considered.",03/08/2027
358861,The NINDS Human Biospecimen and Data Repository (U24 - Clinical Trial Not Allowed),RFA-NS-26-010,,"This Notice of Funding Opportunity (NOFO) invites applications to serve as the National Institute of Neurological Disorders and Stroke (NINDS) Human Biospecimen and Data Repository in Neurological Disorders. This repository will maintain the current collection of biospecimens as well as support expansion of the collection in accordance with the NINDS mission. The NINDS Human Biospecimen and Data Repository will distribute biospecimens broadly to qualified academic and industry researchers to advance basic, translational and clinical research in neurological disorders.",03/09/2026
360258,Continuing Human Enabling Enhancing Restoring and Sustaining,FA238424S2233,,"<p>The Air Force Research Laboratory, Human Effectiveness Directorate (AFRL/RH) and the United States Air Force School of Medicine (USAFSAM) CHEERS Multiple Authority Announcement (MAA) is intended to provide a comprehensive strategy for AFRL/RH and USAFSAM's range of Science and Technology (S&amp;T) requirements, allowing for progression from basic research to technology maturation and transition.</p><p><br></p><p><strong>20 Nov 2025:</strong> Amendment 01 - Annual Update</p><p><br></p><p>The CHEERS Multiple Authority Announcement (MAA) MUST be reviewed in tandem with the solicitations in order to have access to all applicable attachments and instructions.&nbsp;There are three (3) open, 2-step, solicitations currently accepting white papers. Please see below for solicitation numbers.</p><p><br></p><p><strong>Multiple Authority Announcement (MAA), Notice FA238424S2233:&nbsp;</strong></p><p><br></p><p>1. CHEERS MAA Open Period 1 – Broad Agency Announcement (BAA), <strong>Solicitation FA238424S2334</strong></p><p>&nbsp;</p><p>2. CHEERS MAA Open Period 2 – Procurement for Experimental Purposes (ARA), <strong>Solicitation FA238424S2335&nbsp;</strong></p><p>&nbsp;</p><p>3.&nbsp;CHEERS MAA Open Period 3 - Commercial Solutions Opening (CSO), <strong>Solicitation FA238424S2336&nbsp;(NOTE: THIS CSO IS NOT GRANT-ELIGIBLE)</strong></p><p><br></p><p>Please reach out if you have any questions regarding the MAA and/or the solicitation(s). Technical questions may be directed to the technical POC’s identified in the announcement/solicitations. General questions may be directed to the CHEERS email org box: AFRL.711HPW.MAA@us.af.mil</p>",08/22/2044
349586,BROAD AGENCY ANNOUNCEMENT (BAA) for Extramural Biomedical and Human Performance Research and Development Department of Defense,HT9425-23-S-SOC1,,<p>The FY23 -FY28 Broad Agency Announcement for Extramural Biomedical Research and Development - HT9425-23-S-SOC1.</p>,07/31/2028
361106,2026 CTR Non-Proliferation Programing,DFOP0017675,,"<p>The Office of Cooperative Threat Reduction (CTR) is a key component of the Department’s and ACN’s efforts to advance the Administration’s top national security and foreign policy objectives in a cost-effective and impactful manner. CTR uses programming and training with foreign partners to advance President Trump’s America First Investment Policy (NSPM-3) and America’s AI Action plan by disrupting the Chinese Communist Party’s (CCP) exploitation of critical U.S. intellectual property (IP) and dual-use technologies, including AI, biotechnologies, quantum, semiconductor, and space technologies, through research security, cybersecurity and IP protection training. As the programmatic lead for the Foundational Infrastructure for the Responsible Use of Small Modular Reactor [SMR] Technology (FIRST) program, CTR implements Section 8(e) of EO 14299 on Deploying Advanced Nuclear Reactor Technologies for National Security by helping U.S. vendors deploy secure, safe U.S. SMRs to strategic regions, including Latin America, the Indo-Pacific, and the Middle East, to outcompete strategic competitors for decades-long partnerships, generating multi-billion dollar deals for U.S. companies and creating thousands of American jobs. CTR implements maximum pressure on Iran (NSPM-2), by training foreign partner countries to implement U.S. sanctions on Iran’s nuclear weapons and ballistic missile programs, and disrupts proliferation networks tied to the CCP, DPRK, and Russia that undermine U.S. interests.</p>",03/06/2026
361022,Fiscal Year 2026 Distinguished Early Career Program,DE-FOA-0003540,,"The Office of Nuclear Energy’s (NE) mission is to advance nuclear energy science and technology to meet U.S. energy, environmental, and economic needs. NE has identified the following goals to address challenges in the nuclear energy sector, help realize the potential of advanced technology, and leverage the unique role of the government in spurring innovation:

• Keep existing U.S. nuclear reactors operating;
• Deploy new nuclear reactors;
• Secure and sustain our nuclear fuel cycle; and
• Expand international nuclear energy cooperation.

All applications submitted under this NOFO must demonstrate a strong tie to NEs mission. NE conducts crosscutting nuclear energy research and development (R&D) and associated infrastructure support activities to develop innovative technologies that offer the promise of dramatically improved performance for its mission needs while maximizing the impact of DOE resources.

NE strives to promote integrated and collaborative research conducted by national laboratories, universities, industry, and international partners in conjunction with NE’s programs and to deploy innovative nuclear energy technologies to the market to meet the strategic goals and optimize the benefits of nuclear energy. NE funds research activities, through both competitive and direct mechanisms, as required to best meet those goals. This approach ensures a balanced R&D portfolio and encourages new nuclear power deployment with creative solutions to the universe of nuclear energy challenges through various major research programs funded by NE.",03/03/2026
344592,DEVCOM ARMY RESEARCH LABORATORY BROAD AGENCY ANNOUNCEMENT FOR FOUNDATIONAL RESEARCH,W911NF-23-S-0001,,"<p><span style=""color: black;"">The purpose of this combined Broad Agency Announcement (BAA) under Federal Acquisition Regulation (FAR) Part 35 and Funding Opportunity Announcement (FOA) under 2 Code of Federal Regulations (CFR) 200.204 (henceforth referred to as “BAA”) is to solicit research proposals for submission to the U.S. Army Combat Capabilities Development Command (DEVCOM) Army Research Laboratory (ARL) for funding consideration. </span></p> 
<p><span style=""color: black;"">&nbsp;</span></p> 
<p><span style=""color: black;"">Prior to this</span> announcement, ARL announced two separate BAAs to support the mission: 1) W911NF-17-S-0002 titled “Army Research Laboratory Army Research Office Broad Agency Announcement for Fundamental Research”; and 2) W911NF-17-S-0003 titled “Army Research Laboratory Broad Agency Announcement for Basic and Applied Scientific Research”.&nbsp;This announcement succeeds BAA W911NF-17-S-0002 and BAA W911NF-17-S-0003 combining the opportunities into a single announcement.&nbsp;</p> 
<p><span style=""color: black;"">&nbsp;</span></p> 
<p><span style=""color: black;"">ARL’s mission as the Army’s foundational research laboratory is to Operationalize Science to ensure overmatch in any future conflict.&nbsp;ARL’s foundational research mission spans basic research (budget activity 6.1) and applied research (budget activity 6.2) as defined by 32 CFR 22.105 but may include advanced technology development (budget activity 6.3) and advanced component development and prototypes (budget activity 6.4) when opportunities arise to directly or indirectly help achieve ARL’s mission.&nbsp;ARL partners across the national security enterprise to deliver fundamentally advantageous change that is rooted in the creation and exploitation of scientific knowledge.&nbsp;</span></p> 
<p><br></p> 
<p>This publication constitutes a BAA for awards as contemplated in FAR 6.102(d)(2) and 35.016 as well as a merit-based, competitive procedure in accordance with the Department of Defense Grant and Agreement Regulations (DoDGARS) at 32 CFR 22.315(a) and the Office of the Under Secretary of Defense for Acquisition and Sustainment Other Transaction Guide version 2.0 dated July 2023.</p> 
<p><br></p> 
<p>This BAA document, and the online list of research topics found on the ARL BAA topics website at <a href=""https://www.arl.army.mil/opportunities/arl-baa/"" target=""_blank"">https://www.arl.devcom.army.mil/opportunities/arl-baa/</a>, sets forth ARL’s research topics of interest for whitepapers and proposals.&nbsp;This BAA is issued under FAR 6.102(d)(2), which provides for the competitive selection of basic and applied research proposals, and 10 U.S.C. 4001, 10 U.S.C. 4021, and 10 U.S.C. 4022, which provide the authorities for issuing awards under this announcement for basic and applied research.&nbsp;The definitions of basic and applied research may be found at 32 CFR 22.105.</p> 
<p><br></p> 
<p>Proposals submitted in response to this BAA and selected for award are considered to be the result of full and open competition and in full compliance with the provision of Public Law 98-369, “The Competition in Contracting Act of 1984” and subsequent amendments.</p> 
<p><br></p>",11/20/2027
